fips,county,indicator,year,sex,age,count,population,rate,ci,ageAdjust,aci 
"27000","Minnesota","Hospitalizations","2013-2015","All","All ages","9378.0","16367260","5.7","(5.6 - 5.8)","5.6","(5.5 - 5.7)"
"27000","Minnesota","Hospitalizations","2015-2017","All","All ages","6341.0","16578993","3.8","(3.7 - 3.9)","3.8","(3.7 - 3.9)"
"27000","Minnesota","Hospitalizations","2016-2018","All","All ages","5520.0","16702743","3.3","(3.2 - 3.4)","3.4","(3.3 - 3.5)"
"27000","Minnesota","Hospitalizations","2017-2019","All","All ages","5439.0","16818966","3.2","(3.1 - 3.3)","3.3","(3.2 - 3.4)"
"27000","Minnesota","Hospitalizations","2018-2020","All","All ages","4688.0","16908513","2.8","(2.7 - 2.9)","2.8","(2.7 - 2.9)"
"27001","Aitkin","Hospitalizations","2013-2015","All","All ages","21.0","47155","4.5","(2.8 - 6.8)","4.2","(2.4 - 6.8)"
"27001","Aitkin","Hospitalizations","2015-2017","All","All ages","14.8","46069","3.2 (UR)","(1.8 - 5.3)","3.7 (UR)","(1.8 - 6.6)"
"27001","Aitkin","Hospitalizations","2016-2018","All","All ages","14.5","46342","3.1 (UR)","(1.7 - 5.2)","4.2 (UR)","(2.1 - 7.3)"
"27001","Aitkin","Hospitalizations","2017-2019","All","All ages","10.5","46968","2.2 (UR)","(1.1 - 4.1)","2.9 (UR)","(1.3 - 5.6)"
"27001","Aitkin","Hospitalizations","2018-2020","All","All ages","9.0","47562","1.9 (UR)","(0.9 - 3.6)","2.0 (UR)","(0.8 - 4.3)"
"27003","Anoka","Hospitalizations","2013-2015","All","All ages","580.0","1024920","5.7","(5.2 - 6.1)","5.8","(5.3 - 6.3)"
"27003","Anoka","Hospitalizations","2015-2017","All","All ages","364.5","1025246","3.6","(3.2 - 3.9)","3.9","(3.5 - 4.3)"
"27003","Anoka","Hospitalizations","2016-2018","All","All ages","295.0","1040812","2.8","(2.5 - 3.2)","3.2","(2.8 - 3.6)"
"27003","Anoka","Hospitalizations","2017-2019","All","All ages","297.6","1049392","2.8","(2.5 - 3.2)","3.0","(2.7 - 3.4)"
"27003","Anoka","Hospitalizations","2018-2020","All","All ages","262.0","1057841","2.5","(2.2 - 2.8)","2.6","(2.2 - 2.9)"
"27005","Becker","Hospitalizations","2013-2015","All","All ages","57.0","99846","5.7","(4.3 - 7.4)","4.8","(3.5 - 6.3)"
"27005","Becker","Hospitalizations","2015-2017","All","All ages","37.2","99129","3.7","(2.6 - 5.2)","3.9","(2.6 - 5.5)"
"27005","Becker","Hospitalizations","2016-2018","All","All ages","34.5","100514","3.4","(2.4 - 4.8)","3.7","(2.5 - 5.2)"
"27005","Becker","Hospitalizations","2017-2019","All","All ages","35.7","101633","3.5","(2.5 - 4.9)","3.8","(2.7 - 5.3)"
"27005","Becker","Hospitalizations","2018-2020","All","All ages","26.0","102609","2.5","(1.7 - 3.7)","2.8","(1.8 - 4.1)"
"27007","Beltrami","Hospitalizations","2013-2015","All","All ages","98.0","136845","7.2","(5.8 - 8.7)","6.6","(5.3 - 8.0)"
"27007","Beltrami","Hospitalizations","2015-2017","All","All ages","89.0","135755","6.6","(5.3 - 8.1)","6.4","(5.1 - 8.0)"
"27007","Beltrami","Hospitalizations","2016-2018","All","All ages","75.2","137669","5.5","(4.3 - 6.8)","5.6","(4.4 - 7.1)"
"27007","Beltrami","Hospitalizations","2017-2019","All","All ages","73.8","138869","5.3","(4.2 - 6.7)","5.2","(4.1 - 6.6)"
"27007","Beltrami","Hospitalizations","2018-2020","All","All ages","55.0","140034","3.9","(3.0 - 5.1)","3.8","(2.9 - 5.0)"
"27009","Benton","Hospitalizations","2013-2015","All","All ages","126.0","118380","10.6","(8.8 - 12.5)","10.6","(8.7 - 12.5)"
"27009","Benton","Hospitalizations","2015-2017","All","All ages","47.9","117681","4.1","(3.0 - 5.4)","4.2","(3.1 - 5.7)"
"27009","Benton","Hospitalizations","2016-2018","All","All ages","31.0","118983","2.6","(1.8 - 3.7)","2.8","(1.9 - 4.1)"
"27009","Benton","Hospitalizations","2017-2019","All","All ages","36.0","120122","3.0","(2.1 - 4.1)","3.2","(2.2 - 4.5)"
"27009","Benton","Hospitalizations","2018-2020","All","All ages","37.0","121150","3.1","(2.2 - 4.2)","3.2","(2.3 - 4.4)"
"27011","Big Stone","Hospitalizations","2013-2015","All","All ages","*","15279","*","*","*","*"
"27011","Big Stone","Hospitalizations","2015-2017","All","All ages","*","14663","*","*","*","*"
"27011","Big Stone","Hospitalizations","2016-2018","All","All ages","*","14619","*","*","*","*"
"27011","Big Stone","Hospitalizations","2017-2019","All","All ages","*","14809","*","*","*","*"
"27011","Big Stone","Hospitalizations","2018-2020","All","All ages","*","14959","*","*","*","*"
"27013","Blue Earth","Hospitalizations","2013-2015","All","All ages","71.0","196207","3.6","(2.8 - 4.6)","3.9","(3.0 - 5.0)"
"27013","Blue Earth","Hospitalizations","2015-2017","All","All ages","55.2","195682","2.8","(2.1 - 3.7)","3.2","(2.4 - 4.3)"
"27013","Blue Earth","Hospitalizations","2016-2018","All","All ages","55.8","198426","2.8","(2.1 - 3.7)","3.2","(2.4 - 4.1)"
"27013","Blue Earth","Hospitalizations","2017-2019","All","All ages","57.4","199979","2.9 (UR)","(2.2 - 3.7)","3.3 (UR)","(2.5 - 4.3)"
"27013","Blue Earth","Hospitalizations","2018-2020","All","All ages","56.0","201590","2.8","(2.1 - 3.6)","3.1","(2.3 - 4.1)"
"27015","Brown","Hospitalizations","2013-2015","All","All ages","35.0","75883","4.6","(3.2 - 6.4)","4.4","(3.0 - 6.3)"
"27015","Brown","Hospitalizations","2015-2017","All","All ages","20.3","74285","2.7 (UR)","(1.7 - 4.2)","2.9 (UR)","(1.7 - 4.5)"
"27015","Brown","Hospitalizations","2016-2018","All","All ages","19.5","74072","2.6 (UR)","(1.6 - 4.1)","2.9 (UR)","(1.7 - 4.5)"
"27015","Brown","Hospitalizations","2017-2019","All","All ages","16.4","74715","2.2 (UR)","(1.3 - 3.5)","2.3 (UR)","(1.3 - 3.8)"
"27015","Brown","Hospitalizations","2018-2020","All","All ages","15.0","75350","2.0 (UR)","(1.1 - 3.3)","2.2 (UR)","(1.2 - 3.6)"
"27017","Carlton","Hospitalizations","2013-2015","All","All ages","49.0","106407","4.6","(3.4 - 6.1)","4.2","(3.1 - 5.6)"
"27017","Carlton","Hospitalizations","2015-2017","All","All ages","29.4","105141","2.8","(1.9 - 4.0)","2.9","(1.9 - 4.2)"
"27017","Carlton","Hospitalizations","2016-2018","All","All ages","27.4","105337","2.6","(1.7 - 3.8)","2.6","(1.7 - 3.8)"
"27017","Carlton","Hospitalizations","2017-2019","All","All ages","21.7","106216","2.0","(1.3 - 3.1)","2.1","(1.3 - 3.2)"
"27017","Carlton","Hospitalizations","2018-2020","All","All ages","23.0","107179","2.1","(1.4 - 3.2)","2.1","(1.3 - 3.1)"
"27019","Carver","Hospitalizations","2013-2015","All","All ages","107.0","291808","3.7","(3.0 - 4.4)","3.7","(3.0 - 4.4)"
"27019","Carver","Hospitalizations","2015-2017","All","All ages","64.3","295165","2.2","(1.7 - 2.8)","2.7","(1.9 - 3.7)"
"27019","Carver","Hospitalizations","2016-2018","All","All ages","69.5","303487","2.3","(1.8 - 2.9)","2.7","(2.0 - 3.6)"
"27019","Carver","Hospitalizations","2017-2019","All","All ages","74.4","306327","2.4 (UR)","(1.9 - 3.0)","2.7 (UR)","(2.1 - 3.4)"
"27019","Carver","Hospitalizations","2018-2020","All","All ages","70.0","309061","2.3","(1.8 - 2.9)","2.4","(1.9 - 3.1)"
"27021","Cass","Hospitalizations","2013-2015","All","All ages","64.0","85786","7.5","(5.7 - 9.5)","8.0","(6.0 - 10.5)"
"27021","Cass","Hospitalizations","2015-2017","All","All ages","47.2","84860","5.6","(4.1 - 7.4)","6.7","(4.8 - 9.1)"
"27021","Cass","Hospitalizations","2016-2018","All","All ages","28.9","86278","3.4","(2.2 - 4.8)","4.2","(2.7 - 6.2)"
"27021","Cass","Hospitalizations","2017-2019","All","All ages","18.5","87335","2.1 (UR)","(1.3 - 3.3)","2.5 (UR)","(1.5 - 4.1)"
"27021","Cass","Hospitalizations","2018-2020","All","All ages","15.0","88249","1.7 (UR)","(1.0 - 2.8)","2.4 (UR)","(1.3 - 4.0)"
"27023","Chippewa","Hospitalizations","2013-2015","All","All ages","11.0","36293","3.0 (UR)","(1.5 - 5.4)","2.8 (UR)","(1.3 - 5.1)"
"27023","Chippewa","Hospitalizations","2015-2017","All","All ages","*","35700","*","*","*","*"
"27023","Chippewa","Hospitalizations","2016-2018","All","All ages","8.9","35270","2.5 (UR)","(1.1 - 4.8)","2.5 (UR)","(1.1 - 4.9)"
"27023","Chippewa","Hospitalizations","2017-2019","All","All ages","9.4","35521","2.6 (UR)","(1.2 - 4.9)","2.8 (UR)","(1.2 - 5.4)"
"27023","Chippewa","Hospitalizations","2018-2020","All","All ages","8.0","35753","2.2 (UR)","(1.0 - 4.4)","2.4 (UR)","(1.0 - 4.9)"
"27025","Chisago","Hospitalizations","2013-2015","All","All ages","74.0","161949","4.6","(3.6 - 5.7)","4.5","(3.5 - 5.7)"
"27025","Chisago","Hospitalizations","2015-2017","All","All ages","42.3","161614","2.6","(1.9 - 3.5)","2.7","(1.9 - 3.8)"
"27025","Chisago","Hospitalizations","2016-2018","All","All ages","28.2","163911","1.7","(1.1 - 2.5)","1.8","(1.2 - 2.6)"
"27025","Chisago","Hospitalizations","2017-2019","All","All ages","32.7","165539","2.0","(1.4 - 2.8)","2.1","(1.4 - 3.0)"
"27025","Chisago","Hospitalizations","2018-2020","All","All ages","32.0","167081","1.9","(1.3 - 2.7)","2.1","(1.4 - 2.9)"
"27027","Clay","Hospitalizations","2013-2015","All","All ages","124.0","184211","6.7","(5.5 - 7.9)","7.1","(5.8 - 8.3)"
"27027","Clay","Hospitalizations","2015-2017","All","All ages","79.8","184746","4.3","(3.4 - 5.4)","4.5","(3.5 - 5.7)"
"27027","Clay","Hospitalizations","2016-2018","All","All ages","67.7","188308","3.6","(2.8 - 4.6)","3.7","(2.9 - 4.8)"
"27027","Clay","Hospitalizations","2017-2019","All","All ages","77.7","189933","4.1 (UR)","(3.2 - 5.1)","4.2 (UR)","(3.3 - 5.3)"
"27027","Clay","Hospitalizations","2018-2020","All","All ages","66.0","191430","3.4","(2.7 - 4.4)","3.6","(2.7 - 4.5)"
"27029","Clearwater","Hospitalizations","2013-2015","All","All ages","16.0","26378","6.1 (UR)","(3.5 - 9.9)","5.2 (UR)","(2.9 - 8.6)"
"27029","Clearwater","Hospitalizations","2015-2017","All","All ages","12.2","25968","4.7 (UR)","(2.5 - 8.2)","4.6 (UR)","(2.3 - 8.1)"
"27029","Clearwater","Hospitalizations","2016-2018","All","All ages","6.2","25971","2.4 (UR)","(0.9 - 5.2)","2.6 (UR)","(1.0 - 5.6)"
"27029","Clearwater","Hospitalizations","2017-2019","All","All ages","10.3","26213","3.9 (UR)","(1.9 - 7.2)","3.9 (UR)","(1.8 - 7.2)"
"27029","Clearwater","Hospitalizations","2018-2020","All","All ages","6.0","26503","2.3 (UR)","(0.8 - 4.9)","2.0 (UR)","(0.7 - 4.6)"
"27031","Cook","Hospitalizations","2013-2015","All","All ages","*","15585","*","*","*","*"
"27031","Cook","Hospitalizations","2015-2017","All","All ages","6.0","15474","3.9 (UR)","(1.4 - 8.4)","3.6 (UR)","(1.1 - 8.6)"
"27031","Cook","Hospitalizations","2016-2018","All","All ages","8.0","15794","5.1 (UR)","(2.2 - 10.0)","5.3 (UR)","(2.1 - 11.3)"
"27031","Cook","Hospitalizations","2017-2019","All","All ages","7.0","16011","4.4 (UR)","(1.8 - 9.0)","5.6 (UR)","(2.1 - 11.9)"
"27031","Cook","Hospitalizations","2018-2020","All","All ages","*","16171","*","*","*","*"
"27033","Cottonwood","Hospitalizations","2013-2015","All","All ages","10.0","34775","2.9 (UR)","(1.4 - 5.3)","2.4 (UR)","(1.1 - 4.6)"
"27033","Cottonwood","Hospitalizations","2015-2017","All","All ages","*","33640","*","*","*","*"
"27033","Cottonwood","Hospitalizations","2016-2018","All","All ages","*","33184","*","*","*","*"
"27033","Cottonwood","Hospitalizations","2017-2019","All","All ages","9.2","33486","2.7 (UR)","(1.3 - 5.2)","2.4 (UR)","(1.0 - 4.7)"
"27033","Cottonwood","Hospitalizations","2018-2020","All","All ages","7.0","33855","2.1 (UR)","(0.8 - 4.3)","1.7 (UR)","(0.6 - 3.6)"
"27035","Crow Wing","Hospitalizations","2013-2015","All","All ages","83.0","189723","4.4","(3.5 - 5.4)","4.0","(3.2 - 5.1)"
"27035","Crow Wing","Hospitalizations","2015-2017","All","All ages","43.9","187606","2.3","(1.7 - 3.1)","2.3","(1.6 - 3.2)"
"27035","Crow Wing","Hospitalizations","2016-2018","All","All ages","31.6","189695","1.7","(1.1 - 2.4)","1.6","(1.1 - 2.3)"
"27035","Crow Wing","Hospitalizations","2017-2019","All","All ages","33.7","191775","1.8","(1.2 - 2.5)","1.7","(1.1 - 2.4)"
"27035","Crow Wing","Hospitalizations","2018-2020","All","All ages","33.0","193881","1.7","(1.2 - 2.4)","1.5","(1.0 - 2.2)"
"27037","Dakota","Hospitalizations","2013-2015","All","All ages","608.0","1235376","4.9","(4.5 - 5.3)","4.9","(4.5 - 5.3)"
"27037","Dakota","Hospitalizations","2015-2017","All","All ages","458.3","1233836","3.7","(3.4 - 4.1)","4.0","(3.6 - 4.4)"
"27037","Dakota","Hospitalizations","2016-2018","All","All ages","433.6","1252531","3.5","(3.1 - 3.8)","3.6","(3.3 - 4.0)"
"27037","Dakota","Hospitalizations","2017-2019","All","All ages","439.0","1262418","3.5 (UR)","(3.2 - 3.8)","3.6 (UR)","(3.2 - 3.9)"
"27037","Dakota","Hospitalizations","2018-2020","All","All ages","396.0","1272147","3.1","(2.8 - 3.4)","3.1","(2.8 - 3.4)"
"27039","Dodge","Hospitalizations","2013-2015","All","All ages","22.0","61022","3.6","(2.3 - 5.5)","3.6","(2.2 - 5.5)"
"27039","Dodge","Hospitalizations","2015-2017","All","All ages","9.1","60638","1.5 (UR)","(0.7 - 2.8)","1.4 (UR)","(0.6 - 2.7)"
"27039","Dodge","Hospitalizations","2016-2018","All","All ages","11.3","61390","1.8 (UR)","(0.9 - 3.3)","2.1 (UR)","(0.9 - 4.0)"
"27039","Dodge","Hospitalizations","2017-2019","All","All ages","13.3","61863","2.1 (UR)","(1.2 - 3.6)","2.2 (UR)","(1.2 - 3.8)"
"27039","Dodge","Hospitalizations","2018-2020","All","All ages","12.0","62298","1.9 (UR)","(1.0 - 3.4)","2.0 (UR)","(1.1 - 3.6)"
"27041","Douglas","Hospitalizations","2013-2015","All","All ages","51.0","110418","4.6","(3.4 - 6.1)","3.3","(2.4 - 4.4)"
"27041","Douglas","Hospitalizations","2015-2017","All","All ages","22.9","109208","2.1","(1.3 - 3.2)","1.5","(0.9 - 2.3)"
"27041","Douglas","Hospitalizations","2016-2018","All","All ages","14.9","110548","1.3 (UR)","(0.8 - 2.2)","1.2 (UR)","(0.6 - 2.1)"
"27041","Douglas","Hospitalizations","2017-2019","All","All ages","24.5","111951","2.2 (UR)","(1.4 - 3.2)","2.1 (UR)","(1.3 - 3.2)"
"27041","Douglas","Hospitalizations","2018-2020","All","All ages","21.0","113297","1.9","(1.1 - 2.8)","1.9","(1.1 - 3.0)"
"27043","Faribault","Hospitalizations","2013-2015","All","All ages","22.0","42376","5.2","(3.3 - 7.9)","4.1","(2.4 - 6.4)"
"27043","Faribault","Hospitalizations","2015-2017","All","All ages","9.6","41035","2.3 (UR)","(1.1 - 4.4)","2.1 (UR)","(0.9 - 4.3)"
"27043","Faribault","Hospitalizations","2016-2018","All","All ages","*","40463","*","*","*","*"
"27043","Faribault","Hospitalizations","2017-2019","All","All ages","10.6","40859","2.6 (UR)","(1.3 - 4.7)","2.9 (UR)","(1.4 - 5.4)"
"27043","Faribault","Hospitalizations","2018-2020","All","All ages","12.0","41286","2.9 (UR)","(1.5 - 5.1)","3.2 (UR)","(1.6 - 5.8)"
"27045","Fillmore","Hospitalizations","2013-2015","All","All ages","19.0","62463","3.0 (UR)","(1.8 - 4.8)","2.4 (UR)","(1.4 - 3.9)"
"27045","Fillmore","Hospitalizations","2015-2017","All","All ages","18.3","61449","3.0 (UR)","(1.8 - 4.7)","2.4 (UR)","(1.4 - 4.0)"
"27045","Fillmore","Hospitalizations","2016-2018","All","All ages","15.3","61801","2.5 (UR)","(1.4 - 4.1)","2.3 (UR)","(1.2 - 3.9)"
"27045","Fillmore","Hospitalizations","2017-2019","All","All ages","12.6","62418","2.0 (UR)","(1.1 - 3.5)","1.8 (UR)","(0.9 - 3.2)"
"27045","Fillmore","Hospitalizations","2018-2020","All","All ages","12.0","63038","1.9 (UR)","(1.0 - 3.3)","1.7 (UR)","(0.8 - 3.1)"
"27047","Freeborn","Hospitalizations","2013-2015","All","All ages","24.0","92348","2.6","(1.7 - 3.9)","2.6","(1.6 - 4.0)"
"27047","Freeborn","Hospitalizations","2015-2017","All","All ages","17.3","89802","1.9 (UR)","(1.1 - 3.1)","2.0 (UR)","(1.1 - 3.2)"
"27047","Freeborn","Hospitalizations","2016-2018","All","All ages","21.0","89489","2.3","(1.5 - 3.6)","2.5","(1.5 - 3.9)"
"27047","Freeborn","Hospitalizations","2017-2019","All","All ages","24.9","90486","2.8","(1.8 - 4.1)","2.8","(1.8 - 4.2)"
"27047","Freeborn","Hospitalizations","2018-2020","All","All ages","23.0","91372","2.5","(1.6 - 3.8)","2.5","(1.5 - 3.8)"
"27049","Goodhue","Hospitalizations","2013-2015","All","All ages","68.0","139205","4.9","(3.8 - 6.2)","4.6","(3.5 - 5.9)"
"27049","Goodhue","Hospitalizations","2015-2017","All","All ages","28.4","137020","2.1","(1.4 - 3.0)","2.1","(1.4 - 3.1)"
"27049","Goodhue","Hospitalizations","2016-2018","All","All ages","24.4","136839","1.8","(1.1 - 2.6)","1.9","(1.2 - 2.8)"
"27049","Goodhue","Hospitalizations","2017-2019","All","All ages","28.2","137895","2.0","(1.4 - 2.9)","2.2","(1.5 - 3.2)"
"27049","Goodhue","Hospitalizations","2018-2020","All","All ages","20.0","138979","1.4 (UR)","(0.9 - 2.2)","1.7 (UR)","(1.0 - 2.6)"
"27051","Grant","Hospitalizations","2013-2015","All","All ages","*","17857","*","*","*","*"
"27051","Grant","Hospitalizations","2015-2017","All","All ages","*","17410","*","*","*","*"
"27051","Grant","Hospitalizations","2016-2018","All","All ages","*","17552","*","*","*","*"
"27051","Grant","Hospitalizations","2017-2019","All","All ages","*","17719","*","*","*","*"
"27051","Grant","Hospitalizations","2018-2020","All","All ages","*","17918","*","*","*","*"
"27053","Hennepin","Hospitalizations","2013-2015","All","All ages","2817.0","3634827","7.8","(7.5 - 8.0)","7.8","(7.5 - 8.1)"
"27053","Hennepin","Hospitalizations","2015-2017","All","All ages","1913.0","3639344","5.3","(5.0 - 5.5)","5.6","(5.4 - 5.9)"
"27053","Hennepin","Hospitalizations","2016-2018","All","All ages","1674.5","3705603","4.5","(4.3 - 4.7)","4.8","(4.6 - 5.1)"
"27053","Hennepin","Hospitalizations","2017-2019","All","All ages","1556.0","3734409","4.2","(4.0 - 4.4)","4.3","(4.1 - 4.6)"
"27053","Hennepin","Hospitalizations","2018-2020","All","All ages","1292.0","3760561","3.4","(3.2 - 3.6)","3.6","(3.4 - 3.8)"
"27055","Houston","Hospitalizations","2013-2015","All","All ages","*","56330","*","*","*","*"
"27055","Houston","Hospitalizations","2015-2017","All","All ages","0.0","55298","0.1 (UR)","(0.0 - 0.8)","0.0 (UR)","(0.0 - 0.0)"
"27055","Houston","Hospitalizations","2016-2018","All","All ages","*","54890","*","*","*","*"
"27055","Houston","Hospitalizations","2017-2019","All","All ages","*","55372","*","*","*","*"
"27055","Houston","Hospitalizations","2018-2020","All","All ages","*","56093","*","*","*","*"
"27057","Hubbard","Hospitalizations","2013-2015","All","All ages","20.0","61931","3.2 (UR)","(2.0 - 5.0)","2.7 (UR)","(1.6 - 4.4)"
"27057","Hubbard","Hospitalizations","2015-2017","All","All ages","21.5","60863","3.5","(2.2 - 5.4)","4.0","(2.4 - 6.4)"
"27057","Hubbard","Hospitalizations","2016-2018","All","All ages","13.2","61759","2.1 (UR)","(1.1 - 3.6)","2.7 (UR)","(1.4 - 4.7)"
"27057","Hubbard","Hospitalizations","2017-2019","All","All ages","9.1","62705","1.5 (UR)","(0.7 - 2.7)","1.9 (UR)","(0.8 - 3.6)"
"27057","Hubbard","Hospitalizations","2018-2020","All","All ages","*","63638","*","*","*","*"
"27059","Isanti","Hospitalizations","2013-2015","All","All ages","44.0","114998","3.8","(2.8 - 5.1)","3.7","(2.7 - 5.0)"
"27059","Isanti","Hospitalizations","2015-2017","All","All ages","28.3","114670","2.5","(1.6 - 3.6)","2.6","(1.7 - 3.8)"
"27059","Isanti","Hospitalizations","2016-2018","All","All ages","18.3","116877","1.6 (UR)","(0.9 - 2.5)","1.6 (UR)","(0.9 - 2.5)"
"27059","Isanti","Hospitalizations","2017-2019","All","All ages","20.5","118232","1.7","(1.1 - 2.7)","1.8","(1.1 - 2.8)"
"27059","Isanti","Hospitalizations","2018-2020","All","All ages","16.0","119400","1.3 (UR)","(0.8 - 2.2)","1.3 (UR)","(0.7 - 2.2)"
"27061","Itasca","Hospitalizations","2013-2015","All","All ages","106.0","136407","7.8","(6.3 - 9.3)","7.3","(5.8 - 8.7)"
"27061","Itasca","Hospitalizations","2015-2017","All","All ages","46.5","133563","3.5","(2.6 - 4.6)","3.4","(2.4 - 4.6)"
"27061","Itasca","Hospitalizations","2016-2018","All","All ages","31.0","133136","2.3","(1.6 - 3.3)","2.4","(1.6 - 3.4)"
"27061","Itasca","Hospitalizations","2017-2019","All","All ages","31.3","134260","2.3","(1.6 - 3.3)","2.3","(1.5 - 3.3)"
"27061","Itasca","Hospitalizations","2018-2020","All","All ages","33.0","135429","2.4","(1.7 - 3.4)","2.6","(1.7 - 3.7)"
"27063","Jackson","Hospitalizations","2013-2015","All","All ages","18.0","30580","5.9 (UR)","(3.5 - 9.3)","5.7 (UR)","(3.3 - 9.2)"
"27063","Jackson","Hospitalizations","2015-2017","All","All ages","10.8","29507","3.7 (UR)","(1.8 - 6.6)","4.2 (UR)","(2.0 - 7.7)"
"27063","Jackson","Hospitalizations","2016-2018","All","All ages","*","29227","*","*","*","*"
"27063","Jackson","Hospitalizations","2017-2019","All","All ages","*","29534","*","*","*","*"
"27063","Jackson","Hospitalizations","2018-2020","All","All ages","6.0","29738","2.0 (UR)","(0.7 - 4.4)","1.9 (UR)","(0.6 - 4.4)"
"27065","Kanabec","Hospitalizations","2013-2015","All","All ages","60.0","47793","12.6","(9.6 - 16.2)","11.9","(9.0 - 15.6)"
"27065","Kanabec","Hospitalizations","2015-2017","All","All ages","35.5","46812","7.6","(5.3 - 10.5)","9.1","(6.2 - 12.9)"
"27065","Kanabec","Hospitalizations","2016-2018","All","All ages","32.2","47373","6.8","(4.6 - 9.6)","8.2","(5.5 - 11.7)"
"27065","Kanabec","Hospitalizations","2017-2019","All","All ages","30.3","47947","6.3","(4.3 - 9.0)","7.4","(4.9 - 10.7)"
"27065","Kanabec","Hospitalizations","2018-2020","All","All ages","20.0","48501","4.1 (UR)","(2.5 - 6.4)","5.1 (UR)","(3.1 - 8.1)"
"27067","Kandiyohi","Hospitalizations","2013-2015","All","All ages","45.0","127519","3.5","(2.6 - 4.7)","3.5","(2.5 - 4.8)"
"27067","Kandiyohi","Hospitalizations","2015-2017","All","All ages","31.2","125708","2.5","(1.7 - 3.5)","2.3","(1.6 - 3.3)"
"27067","Kandiyohi","Hospitalizations","2016-2018","All","All ages","28.1","126233","2.2","(1.5 - 3.2)","2.1","(1.4 - 3.0)"
"27067","Kandiyohi","Hospitalizations","2017-2019","All","All ages","24.2","127419","1.9","(1.2 - 2.8)","1.8","(1.2 - 2.7)"
"27067","Kandiyohi","Hospitalizations","2018-2020","All","All ages","19.0","128605","1.5 (UR)","(0.9 - 2.3)","1.4 (UR)","(0.9 - 2.3)"
"27069","Kittson","Hospitalizations","2013-2015","All","All ages","9.0","13357","6.7 (UR)","(3.1 - 12.8)","8.2 (UR)","(3.3 - 16.8)"
"27069","Kittson","Hospitalizations","2015-2017","All","All ages","8.9","12872","6.9 (UR)","(3.2 - 13.2)","5.2 (UR)","(2.0 - 11.2)"
"27069","Kittson","Hospitalizations","2016-2018","All","All ages","6.9","12560","5.5 (UR)","(2.2 - 11.3)","4.7 (UR)","(1.4 - 11.4)"
"27069","Kittson","Hospitalizations","2017-2019","All","All ages","*","12688","*","*","*","*"
"27069","Kittson","Hospitalizations","2018-2020","All","All ages","*","12831","*","*","*","*"
"27071","Koochiching","Hospitalizations","2013-2015","All","All ages","16.0","38841","4.1 (UR)","(2.4 - 6.7)","3.4 (UR)","(1.8 - 6.0)"
"27071","Koochiching","Hospitalizations","2015-2017","All","All ages","8.5","37439","2.3 (UR)","(1.0 - 4.4)","2.4 (UR)","(1.0 - 4.9)"
"27071","Koochiching","Hospitalizations","2016-2018","All","All ages","*","36791","*","*","*","*"
"27071","Koochiching","Hospitalizations","2017-2019","All","All ages","6.1","37079","1.7 (UR)","(0.6 - 3.6)","2.1 (UR)","(0.8 - 4.7)"
"27071","Koochiching","Hospitalizations","2018-2020","All","All ages","*","37310","*","*","*","*"
"27073","Lac qui Parle","Hospitalizations","2013-2015","All","All ages","11.0","20757","5.3 (UR)","(2.6 - 9.5)","4.9 (UR)","(2.2 - 9.3)"
"27073","Lac qui Parle","Hospitalizations","2015-2017","All","All ages","11.4","19902","5.7 (UR)","(2.9 - 10.1)","4.7 (UR)","(2.2 - 8.6)"
"27073","Lac qui Parle","Hospitalizations","2016-2018","All","All ages","6.5","19587","3.3 (UR)","(1.3 - 7.0)","2.7 (UR)","(0.9 - 6.2)"
"27073","Lac qui Parle","Hospitalizations","2017-2019","All","All ages","*","19822","*","*","*","*"
"27073","Lac qui Parle","Hospitalizations","2018-2020","All","All ages","*","20022","*","*","*","*"
"27075","Lake","Hospitalizations","2013-2015","All","All ages","7.0","32102","2.2 (UR)","(0.9 - 4.5)","2.4 (UR)","(0.9 - 5.3)"
"27075","Lake","Hospitalizations","2015-2017","All","All ages","8.9","31077","2.8 (UR)","(1.3 - 5.4)","3.5 (UR)","(1.5 - 7.0)"
"27075","Lake","Hospitalizations","2016-2018","All","All ages","*","30966","*","*","*","*"
"27075","Lake","Hospitalizations","2017-2019","All","All ages","*","31363","*","*","*","*"
"27075","Lake","Hospitalizations","2018-2020","All","All ages","*","31789","*","*","*","*"
"27077","Lake of the Woods","Hospitalizations","2013-2015","All","All ages","11.0","11768","9.3 (UR)","(4.7 - 16.7)","8.1 (UR)","(3.7 - 15.3)"
"27077","Lake of the Woods","Hospitalizations","2015-2017","All","All ages","6.1","11395","5.4 (UR)","(2.0 - 11.6)","6.2 (UR)","(2.0 - 14.6)"
"27077","Lake of the Woods","Hospitalizations","2016-2018","All","All ages","*","11071","*","*","*","*"
"27077","Lake of the Woods","Hospitalizations","2017-2019","All","All ages","*","11159","*","*","*","*"
"27077","Lake of the Woods","Hospitalizations","2018-2020","All","All ages","*","11276","*","*","*","*"
"27079","Le Sueur","Hospitalizations","2013-2015","All","All ages","30.0","83075","3.6","(2.4 - 5.2)","3.3","(2.2 - 4.8)"
"27079","Le Sueur","Hospitalizations","2015-2017","All","All ages","20.7","81971","2.5 (UR)","(1.6 - 3.9)","2.5 (UR)","(1.5 - 4.0)"
"27079","Le Sueur","Hospitalizations","2016-2018","All","All ages","19.5","83203","2.3 (UR)","(1.4 - 3.6)","2.4 (UR)","(1.5 - 3.8)"
"27079","Le Sueur","Hospitalizations","2017-2019","All","All ages","17.4","84296","2.1 (UR)","(1.2 - 3.3)","2.1 (UR)","(1.2 - 3.4)"
"27079","Le Sueur","Hospitalizations","2018-2020","All","All ages","11.0","85161","1.3 (UR)","(0.6 - 2.3)","1.3 (UR)","(0.6 - 2.3)"
"27081","Lincoln","Hospitalizations","2013-2015","All","All ages","7.0","17379","4.0 (UR)","(1.6 - 8.3)","4.0 (UR)","(1.4 - 8.9)"
"27081","Lincoln","Hospitalizations","2015-2017","All","All ages","*","16854","*","*","*","*"
"27081","Lincoln","Hospitalizations","2016-2018","All","All ages","*","16631","*","*","*","*"
"27081","Lincoln","Hospitalizations","2017-2019","All","All ages","*","16812","*","*","*","*"
"27081","Lincoln","Hospitalizations","2018-2020","All","All ages","*","16991","*","*","*","*"
"27083","Lyon","Hospitalizations","2013-2015","All","All ages","42.0","76979","5.5","(3.9 - 7.4)","5.3","(3.8 - 7.3)"
"27083","Lyon","Hospitalizations","2015-2017","All","All ages","28.4","76186","3.7","(2.5 - 5.4)","4.0","(2.6 - 5.9)"
"27083","Lyon","Hospitalizations","2016-2018","All","All ages","17.9","76592","2.3 (UR)","(1.4 - 3.7)","2.5 (UR)","(1.5 - 4.0)"
"27083","Lyon","Hospitalizations","2017-2019","All","All ages","24.3","76843","3.2 (UR)","(2.0 - 4.7)","3.3 (UR)","(2.1 - 5.0)"
"27083","Lyon","Hospitalizations","2018-2020","All","All ages","18.0","77083","2.3 (UR)","(1.4 - 3.7)","2.3 (UR)","(1.3 - 3.7)"
"27085","McLeod","Hospitalizations","2013-2015","All","All ages","72.0","107803","6.7","(5.2 - 8.4)","5.4","(4.2 - 6.9)"
"27085","McLeod","Hospitalizations","2015-2017","All","All ages","12.5","16138","7.7 (UR)","(4.1 - 13.4)","6.7 (UR)","(3.4 - 11.9)"
"27085","McLeod","Hospitalizations","2016-2018","All","All ages","21.6","105863","2.0","(1.3 - 3.1)","2.0","(1.2 - 3.1)"
"27085","McLeod","Hospitalizations","2017-2019","All","All ages","17.8","106732","1.7 (UR)","(1.0 - 2.6)","1.5 (UR)","(0.9 - 2.5)"
"27085","McLeod","Hospitalizations","2018-2020","All","All ages","15.0","107493","1.4 (UR)","(0.8 - 2.3)","1.4 (UR)","(0.7 - 2.3)"
"27087","Mahnomen","Hospitalizations","2013-2015","All","All ages","19.0","16467","11.5 (UR)","(6.9 - 18.0)","9.9 (UR)","(5.8 - 15.8)"
"27087","Mahnomen","Hospitalizations","2015-2017","All","All ages","7.3","27644","2.6 (UR)","(1.1 - 5.4)","2.4 (UR)","(1.0 - 5.1)"
"27087","Mahnomen","Hospitalizations","2016-2018","All","All ages","*","16332","*","*","*","*"
"27087","Mahnomen","Hospitalizations","2017-2019","All","All ages","6.7","16472","4.1 (UR)","(1.6 - 8.5)","4.3 (UR)","(1.6 - 9.3)"
"27087","Mahnomen","Hospitalizations","2018-2020","All","All ages","*","16528","*","*","*","*"
"27089","Marshall","Hospitalizations","2013-2015","All","All ages","10.0","28310","3.5 (UR)","(1.7 - 6.5)","3.1 (UR)","(1.4 - 5.9)"
"27089","Marshall","Hospitalizations","2015-2017","All","All ages","23.3","58650","4.0","(2.5 - 5.9)","4.8","(3.0 - 7.4)"
"27089","Marshall","Hospitalizations","2016-2018","All","All ages","*","27596","*","*","*","*"
"27089","Marshall","Hospitalizations","2017-2019","All","All ages","6.6","27864","2.4 (UR)","(0.9 - 5.0)","2.4 (UR)","(0.9 - 5.1)"
"27089","Marshall","Hospitalizations","2018-2020","All","All ages","*","28115","*","*","*","*"
"27091","Martin","Hospitalizations","2013-2015","All","All ages","35.0","60651","5.8","(4.0 - 8.0)","6.1","(4.1 - 8.7)"
"27091","Martin","Hospitalizations","2015-2017","All","All ages","36.3","105891","3.4","(2.4 - 4.7)","3.1","(2.1 - 4.5)"
"27091","Martin","Hospitalizations","2016-2018","All","All ages","18.6","58277","3.2 (UR)","(1.9 - 5.0)","3.1 (UR)","(1.8 - 5.0)"
"27091","Martin","Hospitalizations","2017-2019","All","All ages","14.5","58872","2.5 (UR)","(1.4 - 4.1)","2.4 (UR)","(1.3 - 4.2)"
"27091","Martin","Hospitalizations","2018-2020","All","All ages","15.0","59374","2.5 (UR)","(1.4 - 4.2)","2.4 (UR)","(1.3 - 4.1)"
"27093","Meeker","Hospitalizations","2013-2015","All","All ages","25.0","69354","3.6","(2.3 - 5.3)","3.4","(2.1 - 5.1)"
"27093","Meeker","Hospitalizations","2015-2017","All","All ages","15.7","68163","2.3 (UR)","(1.3 - 3.8)","2.1 (UR)","(1.1 - 3.6)"
"27093","Meeker","Hospitalizations","2016-2018","All","All ages","10.4","68061","1.5 (UR)","(0.7 - 2.8)","1.4 (UR)","(0.6 - 2.7)"
"27093","Meeker","Hospitalizations","2017-2019","All","All ages","8.6","68707","1.3 (UR)","(0.6 - 2.4)","1.2 (UR)","(0.5 - 2.4)"
"27093","Meeker","Hospitalizations","2018-2020","All","All ages","8.0","69395","1.2 (UR)","(0.5 - 2.3)","1.2 (UR)","(0.5 - 2.5)"
"27095","Mille Lacs","Hospitalizations","2013-2015","All","All ages","57.0","77424","7.4","(5.6 - 9.5)","6.9","(5.2 - 9.0)"
"27095","Mille Lacs","Hospitalizations","2015-2017","All","All ages","33.3","76032","4.4","(3.0 - 6.1)","4.7","(3.2 - 6.6)"
"27095","Mille Lacs","Hospitalizations","2016-2018","All","All ages","34.2","76485","4.5","(3.1 - 6.2)","4.8","(3.3 - 6.7)"
"27095","Mille Lacs","Hospitalizations","2017-2019","All","All ages","31.6","77324","4.1","(2.8 - 5.8)","4.3","(2.9 - 6.1)"
"27095","Mille Lacs","Hospitalizations","2018-2020","All","All ages","36.0","77967","4.6","(3.2 - 6.4)","4.8","(3.3 - 6.7)"
"27097","Morrison","Hospitalizations","2013-2015","All","All ages","55.0","98481","5.6","(4.2 - 7.3)","5.6","(4.2 - 7.4)"
"27097","Morrison","Hospitalizations","2015-2017","All","All ages","37.0","96818","3.8","(2.7 - 5.3)","3.8","(2.6 - 5.2)"
"27097","Morrison","Hospitalizations","2016-2018","All","All ages","31.9","97624","3.3","(2.2 - 4.6)","3.3","(2.2 - 4.7)"
"27097","Morrison","Hospitalizations","2017-2019","All","All ages","23.6","98559","2.4","(1.5 - 3.6)","2.3","(1.5 - 3.5)"
"27097","Morrison","Hospitalizations","2018-2020","All","All ages","11.0","99352","1.1 (UR)","(0.6 - 2.0)","1.2 (UR)","(0.6 - 2.2)"
"27099","Mower","Hospitalizations","2013-2015","All","All ages","38.0","117542","3.2","(2.3 - 4.4)","3.1","(2.2 - 4.4)"
"27099","Mower","Hospitalizations","2015-2017","All","All ages","32.1","115491","2.8","(1.9 - 3.9)","3.0","(2.1 - 4.3)"
"27099","Mower","Hospitalizations","2016-2018","All","All ages","30.6","117148","2.6","(1.8 - 3.7)","2.8","(1.9 - 4.1)"
"27099","Mower","Hospitalizations","2017-2019","All","All ages","37.4","118516","3.2 (UR)","(2.2 - 4.3)","3.2 (UR)","(2.2 - 4.4)"
"27099","Mower","Hospitalizations","2018-2020","All","All ages","30.0","119749","2.5","(1.7 - 3.6)","2.5","(1.6 - 3.6)"
"27101","Murray","Hospitalizations","2013-2015","All","All ages","10.0","25401","3.9 (UR)","(1.9 - 7.2)","3.7 (UR)","(1.7 - 7.1)"
"27101","Murray","Hospitalizations","2015-2017","All","All ages","6.8","24556","2.8 (UR)","(1.1 - 5.7)","2.6 (UR)","(0.9 - 5.8)"
"27101","Murray","Hospitalizations","2016-2018","All","All ages","*","24359","*","*","*","*"
"27101","Murray","Hospitalizations","2017-2019","All","All ages","7.2","24645","2.9 (UR)","(1.2 - 6.0)","2.8 (UR)","(1.0 - 5.9)"
"27101","Murray","Hospitalizations","2018-2020","All","All ages","6.0","24819","2.4 (UR)","(0.9 - 5.3)","2.1 (UR)","(0.7 - 4.9)"
"27103","Nicollet","Hospitalizations","2013-2015","All","All ages","37.0","99519","3.7","(2.6 - 5.1)","3.9","(2.7 - 5.4)"
"27103","Nicollet","Hospitalizations","2015-2017","All","All ages","35.1","99187","3.5","(2.5 - 4.9)","3.9","(2.7 - 5.5)"
"27103","Nicollet","Hospitalizations","2016-2018","All","All ages","30.1","100749","3.0","(2.0 - 4.3)","3.4","(2.3 - 4.9)"
"27103","Nicollet","Hospitalizations","2017-2019","All","All ages","30.9","101600","3.0 (UR)","(2.1 - 4.3)","3.2 (UR)","(2.1 - 4.5)"
"27103","Nicollet","Hospitalizations","2018-2020","All","All ages","27.0","102350","2.6","(1.7 - 3.8)","2.5","(1.6 - 3.6)"
"27105","Nobles","Hospitalizations","2013-2015","All","All ages","32.0","65167","4.9","(3.4 - 6.9)","4.1","(2.8 - 5.8)"
"27105","Nobles","Hospitalizations","2015-2017","All","All ages","16.1","64530","2.5 (UR)","(1.4 - 4.0)","2.3 (UR)","(1.2 - 3.9)"
"27105","Nobles","Hospitalizations","2016-2018","All","All ages","10.0","64762","1.5 (UR)","(0.7 - 2.8)","1.6 (UR)","(0.7 - 3.1)"
"27105","Nobles","Hospitalizations","2017-2019","All","All ages","11.8","65007","1.8 (UR)","(0.9 - 3.2)","1.6 (UR)","(0.8 - 2.9)"
"27105","Nobles","Hospitalizations","2018-2020","All","All ages","11.0","65325","1.7 (UR)","(0.8 - 3.0)","1.6 (UR)","(0.8 - 3.0)"
"27107","Norman","Hospitalizations","2013-2015","All","All ages","16.0","19980","8.0 (UR)","(4.6 - 13.0)","6.6 (UR)","(3.7 - 11.0)"
"27107","Norman","Hospitalizations","2015-2017","All","All ages","*","19371","*","*","*","*"
"27107","Norman","Hospitalizations","2016-2018","All","All ages","*","19185","*","*","*","*"
"27107","Norman","Hospitalizations","2017-2019","All","All ages","*","19378","*","*","*","*"
"27107","Norman","Hospitalizations","2018-2020","All","All ages","*","19461","*","*","*","*"
"27109","Olmsted","Hospitalizations","2013-2015","All","All ages","184.0","450705","4.1","(3.5 - 4.7)","3.9","(3.3 - 4.5)"
"27109","Olmsted","Hospitalizations","2015-2017","All","All ages","130.5","450021","2.9","(2.4 - 3.4)","3.0","(2.5 - 3.6)"
"27109","Olmsted","Hospitalizations","2016-2018","All","All ages","133.7","457980","2.9","(2.4 - 3.4)","3.0","(2.5 - 3.6)"
"27109","Olmsted","Hospitalizations","2017-2019","All","All ages","149.4","462597","3.2","(2.7 - 3.7)","3.3","(2.8 - 3.9)"
"27109","Olmsted","Hospitalizations","2018-2020","All","All ages","156.0","467532","3.3","(2.8 - 3.9)","3.4","(2.8 - 3.9)"
"27111","Otter Tail","Hospitalizations","2013-2015","All","All ages","98.0","172917","5.7","(4.6 - 6.9)","4.7","(3.7 - 5.8)"
"27111","Otter Tail","Hospitalizations","2015-2017","All","All ages","77.0","170066","4.5","(3.6 - 5.7)","4.4","(3.4 - 5.6)"
"27111","Otter Tail","Hospitalizations","2016-2018","All","All ages","46.3","171505","2.7","(2.0 - 3.6)","2.8","(2.0 - 3.8)"
"27111","Otter Tail","Hospitalizations","2017-2019","All","All ages","35.9","173526","2.1 (UR)","(1.4 - 2.9)","2.1 (UR)","(1.4 - 3.0)"
"27111","Otter Tail","Hospitalizations","2018-2020","All","All ages","27.0","175423","1.5","(1.0 - 2.2)","1.6","(1.1 - 2.4)"
"27113","Pennington","Hospitalizations","2013-2015","All","All ages","10.0","42412","2.4 (UR)","(1.1 - 4.3)","2.2 (UR)","(1.0 - 4.2)"
"27113","Pennington","Hospitalizations","2015-2017","All","All ages","15.4","42021","3.7 (UR)","(2.1 - 6.0)","3.3 (UR)","(1.8 - 5.6)"
"27113","Pennington","Hospitalizations","2016-2018","All","All ages","10.7","41939","2.6 (UR)","(1.3 - 4.6)","2.4 (UR)","(1.1 - 4.3)"
"27113","Pennington","Hospitalizations","2017-2019","All","All ages","9.0","42223","2.1 (UR)","(1.0 - 4.0)","2.1 (UR)","(0.9 - 4.1)"
"27113","Pennington","Hospitalizations","2018-2020","All","All ages","*","42471","*","*","*","*"
"27115","Pine","Hospitalizations","2013-2015","All","All ages","51.0","87255","5.8","(4.4 - 7.7)","5.5","(4.0 - 7.3)"
"27115","Pine","Hospitalizations","2015-2017","All","All ages","27.7","85636","3.2","(2.1 - 4.7)","3.4","(2.2 - 5.0)"
"27115","Pine","Hospitalizations","2016-2018","All","All ages","22.5","86079","2.6","(1.6 - 3.9)","2.9","(1.8 - 4.4)"
"27115","Pine","Hospitalizations","2017-2019","All","All ages","23.7","87153","2.7","(1.7 - 4.1)","3.1","(1.9 - 4.6)"
"27115","Pine","Hospitalizations","2018-2020","All","All ages","22.0","87960","2.5","(1.6 - 3.8)","2.7","(1.7 - 4.2)"
"27117","Pipestone","Hospitalizations","2013-2015","All","All ages","8.0","27860","2.9 (UR)","(1.2 - 5.7)","2.3 (UR)","(1.0 - 4.6)"
"27117","Pipestone","Hospitalizations","2015-2017","All","All ages","*","27137","*","*","*","*"
"27117","Pipestone","Hospitalizations","2016-2018","All","All ages","*","26791","*","*","*","*"
"27117","Pipestone","Hospitalizations","2017-2019","All","All ages","*","27066","*","*","*","*"
"27117","Pipestone","Hospitalizations","2018-2020","All","All ages","*","27401","*","*","*","*"
"27119","Polk","Hospitalizations","2013-2015","All","All ages","55.0","94708","5.8","(4.4 - 7.6)","5.5","(4.1 - 7.2)"
"27119","Polk","Hospitalizations","2015-2017","All","All ages","48.0","93222","5.1","(3.8 - 6.8)","5.4","(3.9 - 7.3)"
"27119","Polk","Hospitalizations","2016-2018","All","All ages","40.2","93532","4.3","(3.1 - 5.8)","4.8","(3.3 - 6.7)"
"27119","Polk","Hospitalizations","2017-2019","All","All ages","35.5","94047","3.8 (UR)","(2.6 - 5.2)","3.7 (UR)","(2.5 - 5.2)"
"27119","Polk","Hospitalizations","2018-2020","All","All ages","31.0","94434","3.3","(2.2 - 4.7)","3.2","(2.1 - 4.6)"
"27121","Pope","Hospitalizations","2013-2015","All","All ages","38.0","32907","11.5","(8.2 - 15.9)","8.3","(5.6 - 11.8)"
"27121","Pope","Hospitalizations","2015-2017","All","All ages","13.1","32395","4.0 (UR)","(2.2 - 6.9)","3.6 (UR)","(1.7 - 6.6)"
"27121","Pope","Hospitalizations","2016-2018","All","All ages","*","32382","*","*","*","*"
"27121","Pope","Hospitalizations","2017-2019","All","All ages","6.1","32792","1.9 (UR)","(0.7 - 4.0)","1.3 (UR)","(0.4 - 3.1)"
"27121","Pope","Hospitalizations","2018-2020","All","All ages","*","33252","*","*","*","*"
"27123","Ramsey","Hospitalizations","2013-2015","All","All ages","1202.0","1599823","7.5","(7.1 - 7.9)","7.7","(7.2 - 8.1)"
"27123","Ramsey","Hospitalizations","2015-2017","All","All ages","995.0","1596537","6.2","(5.8 - 6.6)","6.7","(6.2 - 7.1)"
"27123","Ramsey","Hospitalizations","2016-2018","All","All ages","970.3","1619712","6.0","(5.6 - 6.4)","6.4","(5.9 - 6.8)"
"27123","Ramsey","Hospitalizations","2017-2019","All","All ages","1013.8","1631174","6.2","(5.8 - 6.6)","6.4","(6.0 - 6.8)"
"27123","Ramsey","Hospitalizations","2018-2020","All","All ages","854.0","1641250","5.2","(4.9 - 5.6)","5.3","(4.9 - 5.7)"
"27125","Red Lake","Hospitalizations","2013-2015","All","All ages","*","12125","*","*","*","*"
"27125","Red Lake","Hospitalizations","2015-2017","All","All ages","*","11883","*","*","*","*"
"27125","Red Lake","Hospitalizations","2016-2018","All","All ages","*","11813","*","*","*","*"
"27125","Red Lake","Hospitalizations","2017-2019","All","All ages","*","11941","*","*","*","*"
"27125","Red Lake","Hospitalizations","2018-2020","All","All ages","*","12019","*","*","*","*"
"27127","Redwood","Hospitalizations","2013-2015","All","All ages","16.0","46682","3.4 (UR)","(2.0 - 5.6)","3.2 (UR)","(1.8 - 5.4)"
"27127","Redwood","Hospitalizations","2015-2017","All","All ages","13.6","45277","3.0 (UR)","(1.6 - 5.1)","3.1 (UR)","(1.6 - 5.5)"
"27127","Redwood","Hospitalizations","2016-2018","All","All ages","17.3","44834","3.9 (UR)","(2.3 - 6.2)","3.5 (UR)","(1.9 - 5.8)"
"27127","Redwood","Hospitalizations","2017-2019","All","All ages","16.5","45328","3.6 (UR)","(2.1 - 5.9)","3.1 (UR)","(1.7 - 5.2)"
"27127","Redwood","Hospitalizations","2018-2020","All","All ages","15.0","45703","3.3 (UR)","(1.8 - 5.4)","2.7 (UR)","(1.4 - 4.7)"
"27129","Renville","Hospitalizations","2013-2015","All","All ages","26.0","45035","5.8","(3.8 - 8.5)","4.6","(2.9 - 6.9)"
"27129","Renville","Hospitalizations","2015-2017","All","All ages","10.0","43392","2.3 (UR)","(1.1 - 4.2)","2.4 (UR)","(1.1 - 4.6)"
"27129","Renville","Hospitalizations","2016-2018","All","All ages","10.9","43028","2.5 (UR)","(1.3 - 4.5)","2.8 (UR)","(1.3 - 5.3)"
"27129","Renville","Hospitalizations","2017-2019","All","All ages","8.7","43505","2.0 (UR)","(0.9 - 3.8)","2.1 (UR)","(0.9 - 4.1)"
"27129","Renville","Hospitalizations","2018-2020","All","All ages","9.0","43836","2.1 (UR)","(0.9 - 3.9)","2.1 (UR)","(0.9 - 4.2)"
"27131","Rice","Hospitalizations","2013-2015","All","All ages","105.0","195356","5.4","(4.3 - 6.4)","5.5","(4.4 - 6.5)"
"27131","Rice","Hospitalizations","2015-2017","All","All ages","45.4","193612","2.3","(1.7 - 3.1)","2.3","(1.7 - 3.1)"
"27131","Rice","Hospitalizations","2016-2018","All","All ages","34.7","195989","1.8","(1.2 - 2.5)","2.0","(1.3 - 2.8)"
"27131","Rice","Hospitalizations","2017-2019","All","All ages","38.3","197612","1.9","(1.4 - 2.7)","2.1","(1.5 - 2.9)"
"27131","Rice","Hospitalizations","2018-2020","All","All ages","35.0","199257","1.8","(1.2 - 2.4)","2.0","(1.4 - 2.8)"
"27133","Rock","Hospitalizations","2013-2015","All","All ages","25.0","28632","8.7","(5.7 - 12.9)","7.5","(4.7 - 11.4)"
"27133","Rock","Hospitalizations","2015-2017","All","All ages","*","28056","*","*","*","*"
"27133","Rock","Hospitalizations","2016-2018","All","All ages","*","27742","*","*","*","*"
"27133","Rock","Hospitalizations","2017-2019","All","All ages","*","28017","*","*","*","*"
"27133","Rock","Hospitalizations","2018-2020","All","All ages","*","28202","*","*","*","*"
"27135","Roseau","Hospitalizations","2013-2015","All","All ages","*","47042","*","*","*","*"
"27135","Roseau","Hospitalizations","2015-2017","All","All ages","9.7","46178","2.1 (UR)","(1.0 - 3.9)","2.1 (UR)","(1.0 - 4.0)"
"27135","Roseau","Hospitalizations","2016-2018","All","All ages","10.7","45399","2.4 (UR)","(1.2 - 4.2)","2.6 (UR)","(1.2 - 4.7)"
"27135","Roseau","Hospitalizations","2017-2019","All","All ages","8.0","45516","1.8 (UR)","(0.8 - 3.5)","2.0 (UR)","(0.8 - 4.1)"
"27135","Roseau","Hospitalizations","2018-2020","All","All ages","*","45770","*","*","*","*"
"27137","St. Louis","Hospitalizations","2013-2015","All","All ages","296.0","601792","4.9","(4.4 - 5.5)","5.0","(4.4 - 5.6)"
"27137","St. Louis","Hospitalizations","2015-2017","All","All ages","105.5","423703","2.5","(2.0 - 3.0)","2.7","(2.1 - 3.4)"
"27137","St. Louis","Hospitalizations","2016-2018","All","All ages","136.5","590641","2.3","(1.9 - 2.7)","2.6","(2.1 - 3.0)"
"27137","St. Louis","Hospitalizations","2017-2019","All","All ages","129.3","594865","2.2","(1.8 - 2.5)","2.4","(2.0 - 2.8)"
"27137","St. Louis","Hospitalizations","2018-2020","All","All ages","114.0","599012","1.9","(1.6 - 2.3)","2.1","(1.7 - 2.5)"
"27139","Scott","Hospitalizations","2013-2015","All","All ages","184.0","418663","4.4","(3.8 - 5.0)","4.6","(3.9 - 5.3)"
"27139","Scott","Hospitalizations","2015-2017","All","All ages","70.5","275174","2.6","(2.0 - 3.2)","2.6","(2.0 - 3.3)"
"27139","Scott","Hospitalizations","2016-2018","All","All ages","100.5","433100","2.3","(1.9 - 2.8)","2.5","(1.9 - 3.1)"
"27139","Scott","Hospitalizations","2017-2019","All","All ages","104.3","436605","2.4","(1.9 - 2.8)","2.5","(2.0 - 3.0)"
"27139","Scott","Hospitalizations","2018-2020","All","All ages","110.0","439857","2.5","(2.0 - 3.0)","2.6","(2.1 - 3.0)"
"27141","Sherburne","Hospitalizations","2013-2015","All","All ages","93.0","273164","3.4","(2.7 - 4.2)","3.5","(2.8 - 4.3)"
"27141","Sherburne","Hospitalizations","2015-2017","All","All ages","7.5","43815","1.7 (UR)","(0.7 - 3.4)","1.8 (UR)","(0.7 - 3.7)"
"27141","Sherburne","Hospitalizations","2016-2018","All","All ages","55.9","281761","2.0","(1.5 - 2.6)","2.1","(1.6 - 2.8)"
"27141","Sherburne","Hospitalizations","2017-2019","All","All ages","49.2","283992","1.7","(1.3 - 2.3)","1.8","(1.3 - 2.4)"
"27141","Sherburne","Hospitalizations","2018-2020","All","All ages","32.0","286514","1.1","(0.8 - 1.6)","1.2","(0.8 - 1.7)"
"27143","Sibley","Hospitalizations","2013-2015","All","All ages","16.0","44812","3.6 (UR)","(2.0 - 5.8)","3.2 (UR)","(1.8 - 5.3)"
"27143","Sibley","Hospitalizations","2015-2017","All","All ages","162.1","591657","2.7","(2.3 - 3.2)","2.9","(2.5 - 3.4)"
"27143","Sibley","Hospitalizations","2016-2018","All","All ages","*","43969","*","*","*","*"
"27143","Sibley","Hospitalizations","2017-2019","All","All ages","*","44441","*","*","*","*"
"27143","Sibley","Hospitalizations","2018-2020","All","All ages","8.0","44791","1.8 (UR)","(0.8 - 3.5)","1.9 (UR)","(0.8 - 3.7)"
"27145","Stearns","Hospitalizations","2013-2015","All","All ages","256.0","460013","5.6","(4.9 - 6.2)","5.6","(4.9 - 6.2)"
"27145","Stearns","Hospitalizations","2015-2017","All","All ages","164.7","460312","3.6","(3.0 - 4.1)","3.9","(3.2 - 4.5)"
"27145","Stearns","Hospitalizations","2016-2018","All","All ages","132.7","468298","2.8","(2.4 - 3.3)","2.9","(2.4 - 3.5)"
"27145","Stearns","Hospitalizations","2017-2019","All","All ages","121.5","472676","2.6","(2.1 - 3.0)","2.7","(2.2 - 3.2)"
"27145","Stearns","Hospitalizations","2018-2020","All","All ages","96.0","477496","2.0","(1.6 - 2.5)","2.1","(1.7 - 2.6)"
"27147","Steele","Hospitalizations","2013-2015","All","All ages","81.0","109757","7.4","(5.9 - 9.2)","6.6","(5.2 - 8.3)"
"27147","Steele","Hospitalizations","2015-2017","All","All ages","39.5","108333","3.6","(2.6 - 5.0)","3.7","(2.6 - 5.2)"
"27147","Steele","Hospitalizations","2016-2018","All","All ages","26.6","108677","2.5","(1.6 - 3.6)","2.4","(1.6 - 3.6)"
"27147","Steele","Hospitalizations","2017-2019","All","All ages","32.6","109489","3.0","(2.0 - 4.2)","3.0","(2.1 - 4.3)"
"27147","Steele","Hospitalizations","2018-2020","All","All ages","27.0","110196","2.5","(1.6 - 3.6)","2.5","(1.6 - 3.7)"
"27149","Stevens","Hospitalizations","2013-2015","All","All ages","25.0","29392","8.5","(5.5 - 12.6)","8.1","(5.0 - 12.3)"
"27149","Stevens","Hospitalizations","2015-2017","All","All ages","14.2","28785","4.9 (UR)","(2.7 - 8.2)","4.6 (UR)","(2.4 - 8.1)"
"27149","Stevens","Hospitalizations","2016-2018","All","All ages","*","28744","*","*","*","*"
"27149","Stevens","Hospitalizations","2017-2019","All","All ages","*","28981","*","*","*","*"
"27149","Stevens","Hospitalizations","2018-2020","All","All ages","*","29312","*","*","*","*"
"27151","Swift","Hospitalizations","2013-2015","All","All ages","8.0","28329","2.8 (UR)","(1.2 - 5.6)","3.5 (UR)","(1.4 - 7.1)"
"27151","Swift","Hospitalizations","2015-2017","All","All ages","6.6","27601","2.4 (UR)","(0.9 - 5.0)","2.8 (UR)","(1.0 - 6.0)"
"27151","Swift","Hospitalizations","2016-2018","All","All ages","*","27567","*","*","*","*"
"27151","Swift","Hospitalizations","2017-2019","All","All ages","*","27790","*","*","*","*"
"27151","Swift","Hospitalizations","2018-2020","All","All ages","*","28033","*","*","*","*"
"27153","Todd","Hospitalizations","2013-2015","All","All ages","16.0","72955","2.2 (UR)","(1.3 - 3.6)","2.2 (UR)","(1.2 - 3.7)"
"27153","Todd","Hospitalizations","2015-2017","All","All ages","17.1","71776","2.4 (UR)","(1.4 - 3.8)","2.0 (UR)","(1.1 - 3.3)"
"27153","Todd","Hospitalizations","2016-2018","All","All ages","14.0","72239","1.9 (UR)","(1.1 - 3.2)","1.7 (UR)","(0.9 - 3.0)"
"27153","Todd","Hospitalizations","2017-2019","All","All ages","14.2","72973","1.9 (UR)","(1.1 - 3.2)","1.8 (UR)","(1.0 - 3.2)"
"27153","Todd","Hospitalizations","2018-2020","All","All ages","7.0","73679","1.0 (UR)","(0.4 - 2.0)","0.7 (UR)","(0.3 - 1.6)"
"27155","Traverse","Hospitalizations","2013-2015","All","All ages","*","10202","*","*","*","*"
"27155","Traverse","Hospitalizations","2015-2017","All","All ages","*","9826","*","*","*","*"
"27155","Traverse","Hospitalizations","2016-2018","All","All ages","*","9681","*","*","*","*"
"27155","Traverse","Hospitalizations","2017-2019","All","All ages","*","9804","*","*","*","*"
"27155","Traverse","Hospitalizations","2018-2020","All","All ages","*","9901","*","*","*","*"
"27157","Wabasha","Hospitalizations","2013-2015","All","All ages","11.0","63975","1.7 (UR)","(0.9 - 3.1)","1.6 (UR)","(0.8 - 2.9)"
"27157","Wabasha","Hospitalizations","2015-2017","All","All ages","8.8","62994","1.4 (UR)","(0.6 - 2.7)","1.3 (UR)","(0.6 - 2.6)"
"27157","Wabasha","Hospitalizations","2016-2018","All","All ages","7.4","63674","1.2 (UR)","(0.5 - 2.4)","1.1 (UR)","(0.5 - 2.4)"
"27157","Wabasha","Hospitalizations","2017-2019","All","All ages","9.4","64257","1.5 (UR)","(0.7 - 2.7)","1.4 (UR)","(0.6 - 2.8)"
"27157","Wabasha","Hospitalizations","2018-2020","All","All ages","7.0","64746","1.1 (UR)","(0.4 - 2.2)","1.1 (UR)","(0.4 - 2.4)"
"27159","Wadena","Hospitalizations","2013-2015","All","All ages","38.0","41385","9.2","(6.5 - 12.6)","8.0","(5.6 - 11.1)"
"27159","Wadena","Hospitalizations","2015-2017","All","All ages","27.2","40345","6.7","(4.5 - 9.8)","5.5","(3.6 - 8.1)"
"27159","Wadena","Hospitalizations","2016-2018","All","All ages","22.8","40191","5.7","(3.6 - 8.5)","4.8","(2.9 - 7.4)"
"27159","Wadena","Hospitalizations","2017-2019","All","All ages","14.1","40687","3.5 (UR)","(1.9 - 5.8)","3.2 (UR)","(1.7 - 5.6)"
"27159","Wadena","Hospitalizations","2018-2020","All","All ages","14.0","41108","3.4 (UR)","(1.9 - 5.7)","3.2 (UR)","(1.7 - 5.5)"
"27161","Waseca","Hospitalizations","2013-2015","All","All ages","17.0","57025","3.0 (UR)","(1.7 - 4.8)","2.9 (UR)","(1.7 - 4.8)"
"27161","Waseca","Hospitalizations","2015-2017","All","All ages","9.9","56094","1.8 (UR)","(0.8 - 3.2)","1.7 (UR)","(0.8 - 3.2)"
"27161","Waseca","Hospitalizations","2016-2018","All","All ages","10.7","55427","1.9 (UR)","(1.0 - 3.5)","1.9 (UR)","(0.9 - 3.5)"
"27161","Waseca","Hospitalizations","2017-2019","All","All ages","7.7","55764","1.4 (UR)","(0.6 - 2.8)","1.3 (UR)","(0.5 - 2.7)"
"27161","Waseca","Hospitalizations","2018-2020","All","All ages","7.0","56089","1.2 (UR)","(0.5 - 2.6)","1.1 (UR)","(0.4 - 2.3)"
"27163","Washington","Hospitalizations","2013-2015","All","All ages","277.0","747603","3.7","(3.3 - 4.1)","3.7","(3.3 - 4.2)"
"27163","Washington","Hospitalizations","2015-2017","All","All ages","191.5","747561","2.6","(2.2 - 2.9)","2.6","(2.2 - 3.0)"
"27163","Washington","Hospitalizations","2016-2018","All","All ages","173.1","759716","2.3","(1.9 - 2.6)","2.4","(2.0 - 2.7)"
"27163","Washington","Hospitalizations","2017-2019","All","All ages","183.1","766822","2.4","(2.0 - 2.7)","2.4","(2.0 - 2.7)"
"27163","Washington","Hospitalizations","2018-2020","All","All ages","181.0","774211","2.3","(2.0 - 2.7)","2.3","(2.0 - 2.7)"
"27165","Watonwan","Hospitalizations","2013-2015","All","All ages","19.0","32972","5.8 (UR)","(3.5 - 9.0)","5.2 (UR)","(3.1 - 8.1)"
"27165","Watonwan","Hospitalizations","2015-2017","All","All ages","8.6","32222","2.7 (UR)","(1.2 - 5.1)","2.2 (UR)","(0.9 - 4.7)"
"27165","Watonwan","Hospitalizations","2016-2018","All","All ages","7.3","32243","2.3 (UR)","(0.9 - 4.6)","1.7 (UR)","(0.7 - 3.7)"
"27165","Watonwan","Hospitalizations","2017-2019","All","All ages","*","32551","*","*","*","*"
"27165","Watonwan","Hospitalizations","2018-2020","All","All ages","*","32855","*","*","*","*"
"27167","Wilkin","Hospitalizations","2013-2015","All","All ages","8.0","19430","4.1 (UR)","(1.8 - 8.1)","3.0 (UR)","(1.2 - 6.1)"
"27167","Wilkin","Hospitalizations","2015-2017","All","All ages","6.8","18791","3.6 (UR)","(1.4 - 7.6)","2.8 (UR)","(1.0 - 6.2)"
"27167","Wilkin","Hospitalizations","2016-2018","All","All ages","*","18517","*","*","*","*"
"27167","Wilkin","Hospitalizations","2017-2019","All","All ages","*","18674","*","*","*","*"
"27167","Wilkin","Hospitalizations","2018-2020","All","All ages","*","18809","*","*","*","*"
"27169","Winona","Hospitalizations","2013-2015","All","All ages","61.0","153333","4.0","(3.0 - 5.1)","4.2","(3.1 - 5.4)"
"27169","Winona","Hospitalizations","2015-2017","All","All ages","26.6","150838","1.8","(1.2 - 2.6)","2.2","(1.4 - 3.3)"
"27169","Winona","Hospitalizations","2016-2018","All","All ages","14.1","150360","0.9 (UR)","(0.5 - 1.6)","1.2 (UR)","(0.6 - 2.0)"
"27169","Winona","Hospitalizations","2017-2019","All","All ages","9.1","151229","0.6 (UR)","(0.3 - 1.1)","0.7 (UR)","(0.3 - 1.3)"
"27169","Winona","Hospitalizations","2018-2020","All","All ages","9.0","152294","0.6 (UR)","(0.3 - 1.1)","0.6 (UR)","(0.2 - 1.1)"
"27171","Wright","Hospitalizations","2013-2015","All","All ages","120.0","389739","3.1","(2.5 - 3.6)","3.1","(2.6 - 3.7)"
"27171","Wright","Hospitalizations","2015-2017","All","All ages","78.3","391602","2.0","(1.6 - 2.5)","2.3","(1.7 - 3.0)"
"27171","Wright","Hospitalizations","2016-2018","All","All ages","64.4","399395","1.6","(1.2 - 2.1)","1.8","(1.4 - 2.4)"
"27171","Wright","Hospitalizations","2017-2019","All","All ages","56.4","403264","1.4 (UR)","(1.1 - 1.8)","1.5 (UR)","(1.1 - 1.9)"
"27171","Wright","Hospitalizations","2018-2020","All","All ages","45.0","407174","1.1","(0.8 - 1.5)","1.1","(0.8 - 1.5)"
"27173","Yellow Medicine","Hospitalizations","2013-2015","All","All ages","20.0","30023","6.7 (UR)","(4.1 - 10.3)","6.7 (UR)","(3.9 - 10.5)"
"27173","Yellow Medicine","Hospitalizations","2015-2017","All","All ages","16.3","29165","5.6 (UR)","(3.2 - 9.0)","5.4 (UR)","(3.0 - 9.1)"
"27173","Yellow Medicine","Hospitalizations","2016-2018","All","All ages","11.2","28968","3.9 (UR)","(2.0 - 6.9)","3.8 (UR)","(1.8 - 7.0)"
"27173","Yellow Medicine","Hospitalizations","2017-2019","All","All ages","9.2","29183","3.1 (UR)","(1.4 - 5.9)","3.3 (UR)","(1.5 - 6.2)"
"27173","Yellow Medicine","Hospitalizations","2018-2020","All","All ages","8.0","29384","2.7 (UR)","(1.2 - 5.4)","3.1 (UR)","(1.3 - 6.1)"

* To protect an individual's privacy hospitalizations and ED visit counts from 1 to 5 are suppressed if the underlying population is less than or equal to 100000.
UR = Unstable Rate. Rates based on numerators less than or equal to 20 may be unstable and should be interpreted with caution.
** Person-years is equal to the sum of the population for each year.
***Age-adjusted rates can only be calculated for "All ages combined".
Hospitalizations data do not include data from federal and sovereign hospitals (e.g. Veteran's Administration; Indian Health Service) or data on Minnesota residents seen in facilities outside of Minnesota and North Dakota. For more information see About the Asthma Data: http://health.mn.gov/mndataasthma_metadata

Source:
Minnesota Public Health Data Access
Minnesota Environmental Public Health Tracking Program
Minnesota Department of Health
P.O. Box 64882
"St. Paul, MN 55164-0882"
Phone: (651) 201-5900 or toll free: 1-800-205-4987
Fax: (651) 201-5926
E-mail: tracking.health@state.mn.us
Web: http://health.mn.gov/mndata 

